round,tokens_M,dataset_loss,dataset_step,dataset_total,dataset_total_lo,dataset_total_hi,dataset_total_percent,dataset_verdict,web_loss,web_step,web_total,web_total_lo,web_total_hi,web_total_percent,web_verdict,code_solved,code_gained,code_lost
0,121.9,3.1088,-0.039,-0.039,-0.0409,-0.037,-1.24,improvement,3.411,0.0012,0.0012,0.0002,0.0022,0.03,decline,40,2,2
1,243.8,3.1049,-0.0039,-0.0428,-0.0453,-0.0404,-1.36,improvement,3.4149,0.0039,0.0051,0.004,0.0062,0.15,decline,43,4,1
2,365.8,3.1061,0.0012,-0.0417,-0.0446,-0.0388,-1.32,improvement,3.4169,0.002,0.0071,0.0059,0.0083,0.21,decline,43,5,2
3,487.7,3.104,-0.0022,-0.0438,-0.0465,-0.041,-1.39,improvement,3.4174,0.0005,0.0076,0.0064,0.0089,0.22,decline,43,5,2
4,609.6,3.1053,0.0013,-0.0425,-0.0456,-0.0394,-1.35,improvement,3.4177,0.0003,0.0079,0.0067,0.0091,0.23,decline,41,3,2
5,731.5,3.1061,0.0008,-0.0417,-0.0445,-0.039,-1.32,improvement,3.4175,-0.0003,0.0077,0.0064,0.0088,0.23,decline,41,3,2
6,853.4,3.1064,0.0003,-0.0414,-0.0444,-0.0386,-1.31,improvement,3.4172,-0.0003,0.0074,0.0061,0.0086,0.22,decline,42,4,2
7,975.4,3.1068,0.0004,-0.041,-0.0442,-0.0383,-1.3,improvement,3.417,-0.0002,0.0072,0.0059,0.0084,0.21,decline,42,4,2
8,1097.3,3.1067,-0.0,-0.0411,-0.0438,-0.0381,-1.3,improvement,3.4172,0.0002,0.0074,0.0062,0.0087,0.22,decline,42,4,2
9,1219.2,3.1055,-0.0012,-0.0422,-0.0452,-0.0392,-1.34,improvement,3.4173,0.0001,0.0075,0.0062,0.0088,0.22,decline,42,4,2
10,1341.1,3.1075,0.002,-0.0403,-0.0434,-0.0372,-1.28,improvement,3.4178,0.0005,0.008,0.0069,0.0092,0.24,decline,42,4,2
11,1463.0,3.1056,-0.0019,-0.0422,-0.0449,-0.0394,-1.34,improvement,3.4174,-0.0005,0.0076,0.0064,0.0089,0.22,decline,42,4,2
